"Query","Match","HMDB","PubChem","KEGG","SMILES","Comment"
"Ac-Orn","cis-Aconitic acid","HMDB0000072","643757","C00417","OC(=O)C\C(=C\C(O)=O)C(O)=O","1"
"ADMA","Asymmetric dimethylarginine","HMDB0001539","123831","C03626","N[C@@H](CCC\N=C(/N)N(C)C)C(O)=O","1"
"Ala","L-Alanine","HMDB0000161","5950","C00041","C[C@H](N)C(O)=O","1"
"alpha-AAA","Phenylalanine","HMDB0000159","6140","C00079","N[C@@H](CC1=CC=CC=C1)C(O)=O","1"
"Arg","L-Arginine","HMDB0000517","6322","C00062","N[C@@H](CCCNC(N)=N)C(O)=O","1"
"Asn","L-Asparagine","HMDB0000168","6267","C00152","N[C@@H](CC(N)=O)C(O)=O","1"
"Asp","L-Aspartic acid","HMDB0000191","5960","C00049","N[C@@H](CC(O)=O)C(O)=O","1"
"C0","NA","NA","NA","NA","NA","0"
"C10","Decanoyl-CoA (n-C10:0CoA)","HMDB0006404","440615","C05274","CCCCCCCCCC(=O)SCCNC(=O)CCNC(=O)C(O)C(C)(C)COP(O)(=O)OP(O)(=O)OC[C@H]1O[C@H]([C@H](O)[C@@H]1OP(O)(O)=O)N1C=NC2=C1N=CN=C2N","1"
"C10:1","trans-Dec-2-enoic acid","HMDB0010726","5282724",NA,"CCCCCCC\C=C\C(O)=O","1"
"C10:2","NA","NA","NA","NA","NA","0"
"C12","Dodecanoylcarnitine","HMDB0002250","168381",NA,"CCCCCCCCCCCC(=O)O[C@H](CC(O)=O)C[N+](C)(C)C","1"
"C12:1","NA","NA","NA","NA","NA","0"
"C12-DC","Cer(d18:1/12:0)","HMDB0004947","5283562","C00195","[H][C@@](CO)(NC(=O)CCCCCCCCCCC)[C@H](O)\C=C\CCCCCCCCCCCCC","1"
"C14","Myristic acid","HMDB0000806","11005","C06424","CCCCCCCCCCCCCC(O)=O","1"
"C14:1","5-Tetradecenoic acid","HMDB0000499","5282740",NA,"CCCCCCCC\C=C\CCCC(O)=O","1"
"C14:1-OH","Hydroxysphingomyeline C14:1","HMDB0013462","53481777","C00550","CCCCCCCCCCCCC\C=C\[C@@H](O)[C@H](COP([O-])(=O)OCC[N+](C)(C)C)NC(=O)CC(O)CCCCC\C=C/CCCC","1"
"C14:2","Linoleyl carnitine","HMDB0006469","6450015",NA,"CCCCC\C=C/C\C=C/CCCCCCCC(=O)O[C@H](CC(O)=O)C[N+](C)(C)C","1"
"C14:2-OH","NA","NA","NA","NA","NA","0"
"C16","Palmitic acid","HMDB0000220","985","C00249","CCCCCCCCCCCCCCCC(O)=O","1"
"C16:1","Palmitoleic acid","HMDB0003229","445638","C08362","CCCCCC\C=C/CCCCCCCC(O)=O","1"
"C16:1-OH","NA","NA","NA","NA","NA","0"
"C16:2","NA","NA","NA","NA","NA","0"
"C16:2-OH","NA","NA","NA","NA","NA","0"
"C16-OH","NA","NA","NA","NA","NA","0"
"C18","Stearoylcarnitine","HMDB0000848","52922056",NA,"CCCCCCCCCCCCCCCCCC(=O)O[C@H](CC(O)=O)C[N+](C)(C)C","1"
"C18:1","Cer(d18:1/18:1(9Z))","HMDB0004948","5283563","C00195","[H][C@@](CO)(NC(=O)CCCCCCC\C=C/CCCCCCCC)[C@H](O)\C=C\CCCCCCCCCCCCC","1"
"C18:2","Linoleyl carnitine","HMDB0006469","6450015",NA,"CCCCC\C=C/C\C=C/CCCCCCCC(=O)O[C@H](CC(O)=O)C[N+](C)(C)C","1"
"C2","L-Acetylcarnitine","HMDB0000201","7045767","C02571","CC(=O)O[C@H](CC(O)=O)C[N+](C)(C)C","1"
"C3","Propionylcarnitine","HMDB0000824","188824","C03017","CCC(=O)O[C@H](CC(O)=O)C[N+](C)(C)C","1"
"C3-DC (C4-OH)","NA","NA","NA","NA","NA","0"
"C3-OH","NA","NA","NA","NA","NA","0"
"C4","NA","NA","NA","NA","NA","0"
"C4:1","NA","NA","NA","NA","NA","0"
"C5","Valerylcarnitine","HMDB0013128","16226475",NA,"CCCCC(=O)O[C@H](CC(O)=O)C[N+](C)(C)C","1"
"C5:1","NA","NA","NA","NA","NA","0"
"C5:1-DC","NA","NA","NA","NA","NA","0"
"C5-DC (C6-OH)","NA","NA","NA","NA","NA","0"
"C5-M-DC","NA","NA","NA","NA","NA","0"
"C5-OH (C3-DC-M)","NA","NA","NA","NA","NA","0"
"C6 (C4:1-DC)","NA","NA","NA","NA","NA","0"
"C6:1","NA","NA","NA","NA","NA","0"
"C7-DC","NA","NA","NA","NA","NA","0"
"C8","Octanoylcarnitine","HMDB0000791","11953814","C02838","CCCCCCCC(=O)O[C@H](CC(O)=O)C[N+](C)(C)C","1"
"C9","NA","NA","NA","NA","NA","0"
"Cit","Citrulline","HMDB0000904","9750","C00327","N[C@@H](CCCNC(N)=O)C(O)=O","1"
"Creatinine","Creatinine","HMDB0000562","588","C00791","CN1CC(=O)NC1=N","1"
"Gln","NA","NA","NA","NA","NA","0"
"Glu","Glutamic acid","HMDB0000148","33032","C00025","N[C@@H](CCC(O)=O)C(O)=O","1"
"Gly","Glycine","HMDB0000123","750","C00037","NCC(O)=O","1"
"H1","NA","NA","NA","NA","NA","0"
"His","Histidine","HMDB0000177","6274","C00135","N[C@@H](CC1=CN=CN1)C(O)=O","1"
"Ile","Isoleucine","HMDB0000172","6306","C00407","CC[C@H](C)[C@H](N)C(O)=O","1"
"Kynurenine","Kynurenine","HMDB0000684","161166","C00328","N[C@@H](CC(=O)C1=CC=CC=C1N)C(O)=O","1"
"Leu","Leucine","HMDB0000687","6106","C00123","CC(C)C[C@H](N)C(O)=O","1"
"Lys","Lysine","HMDB0000182","5962","C00047","NCCCC[C@H](N)C(O)=O","1"
"lysoPC a C14:0","NA","NA","NA","NA","NA","0"
"lysoPC a C16:0","LysoPC(16:0/0:0)","HMDB0010382","460602","C04230","CCCCCCCCCCCCCCCC(=O)OC[C@@H](O)COP([O-])(=O)OCC[N+](C)(C)C","1"
"lysoPC a C16:1","LysoPC(16:1/0:0)","HMDB0010383","24779461","C04230","CCCCCC\C=C/CCCCCCCC(=O)OC[C@@H](O)COP([O-])(=O)OCC[N+](C)(C)C","1"
"lysoPC a C17:0","LysoPC(17:0/0:0)","HMDB0012108","24779463","C04230","CCCCCCCCCCCCCCCCC(=O)OC[C@@H](O)COP([O-])(=O)OCC[N+](C)(C)C","1"
"lysoPC a C18:0","LysoPC(18:0/0:0)","HMDB0010384","497299","C04230","CCCCCCCCCCCCCCCCCC(=O)OC[C@@H](O)COP([O-])(=O)OCC[N+](C)(C)C","1"
"lysoPC a C18:1","LysoPC(18:1/0:0)","HMDB0002815","16081932","C04230","CCCCCCCC\C=C/CCCCCCCC(=O)OC[C@@H](O)COP([O-])(=O)OCC[N+](C)(C)C","1"
"lysoPC a C18:2","NA","NA","NA","NA","NA","0"
"lysoPC a C20:3","LysoPC(20:3/0:0)","HMDB0010393","53480467","C04230","CCCCCCCC\C=C/C\C=C/C\C=C/CCCC(=O)OC[C@@H](O)COP([O-])(=O)OCC[N+](C)(C)C","1"
"lysoPC a C20:4","LysoPC(20:4/0:0)","HMDB0010395","24779476","C04230","CCCCC\C=C/C\C=C/C\C=C/C\C=C/CCCC(=O)OC[C@@H](O)COP([O-])(=O)OCC[N+](C)(C)C","1"
"lysoPC a C24:0","LysoPC(24:0/0:0)","HMDB0010405","24779481","C04230","[H][C@@](O)(COC(=O)CCCCCCCCCCCCCCCCCCCCCCC)COP([O-])(=O)OCC[N+](C)(C)C","1"
"lysoPC a C26:0","LysoPC(26:0/0:0)","HMDB0029205","131750810",NA,"[H][C@@](O)(COC(=O)CCCCCCCCCCCCCCCCCCCCCCCCC)COP([O-])(=O)OCC[N+](C)(C)C","1"
"lysoPC a C26:1","LysoPC(26:1/0:0)","HMDB0029220","131750814",NA,"CCCCCCCCCCCCCCCCCCCC\C=C\CCCC(=O)OC[C@@H](O)COP([O-])(=O)OCC[N+](C)(C)C","1"
"lysoPC a C28:0","LysoPC(28:0/0:0)","HMDB0029206","131750811",NA,"[H][C@@](O)(COC(=O)CCCCCCCCCCCCCCCCCCCCCCCCCCC)COP([O-])(=O)OCC[N+](C)(C)C","1"
"lysoPC a C28:1","LysoPC(28:1/0:0)","HMDB0029221","131750816",NA,"CCCCCCCCCCCCCCCCCCCCCC\C=C\CCCC(=O)OC[C@@H](O)COP([O-])(=O)OCC[N+](C)(C)C","1"
"Met","Methionine","HMDB0000696","6137","C00073","CSCC[C@H](N)C(O)=O","1"
"Met-SO","NA","NA","NA","NA","NA","0"
"Orn","Ornithine","HMDB0000214","6262","C00077","NCCC[C@H](N)C(O)=O","1"
"PC aa C24:0","NA","NA","NA","NA","NA","0"
"PC aa C28:1","NA","NA","NA","NA","NA","0"
"PC aa C30:0","NA","NA","NA","NA","NA","0"
"PC aa C30:2","NA","NA","NA","NA","NA","0"
"PC aa C32:0","PC(32:0)","HMDB0000564","452110","C00157","[H][C@@](COC(=O)CCCCCCCCCCCCCCC)(COP([O-])(=O)OCC[N+](C)(C)C)OC(=O)CCCCCCCCCCCCCCC","1"
"PC aa C32:1","PC(14:0/P-18:1(11Z))","HMDB0007897","53478619","C00157","CCCCCCCCCCCCCC(=O)OCC(COP([O-])(=O)OCC[N+](C)(C)C)O\C=C/CCCCCCCC\C=C/CCCCCC","1"
"PC aa C32:2","PC(16:1(9Z)/16:1(9Z))","HMDB0008002","24778764","C00157","CCCCCC\C=C/CCCCCCCC(=O)OC[C@]([H])(COP([O-])(=O)OCC[N+](C)(C)C)OC(=O)CCCCCCC\C=C/CCCCCC","1"
"PC aa C32:3","NA","NA","NA","NA","NA","0"
"PC aa C34:1","PC(34:1)","HMDB0007879","52922226","C00157","CCCCCCCCCCCCCC(=O)OC[C@]([H])(COP([O-])(=O)OCC[N+](C)(C)C)OC(=O)CCCCCCCCC\C=C/CCCCCCCC","1"
"PC aa C34:2","PC(34:2)","HMDB0007880","52922228","C00157","CCCCCCCCCCCCCC(=O)OC[C@]([H])(COP([O-])(=O)OCC[N+](C)(C)C)OC(=O)CCCCCCCCC\C=C/C\C=C/CCCCC","1"
"PC aa C34:3","PC(14:0/20:3(8Z,11Z,14Z))","HMDB0007882","52922230","C00157","CCCCCCCCCCCCCC(=O)OC[C@]([H])(COP([O-])(=O)OCC[N+](C)(C)C)OC(=O)CCCCCC\C=C/C\C=C/C\C=C/CCCCC","1"
"PC aa C34:4","PC(14:0/20:4(8Z,11Z,14Z,17Z))","HMDB0007884","53478607","C00157","CCCCCCCCCCCCCC(=O)OC[C@]([H])(COP([O-])(=O)OCC[N+](C)(C)C)OC(=O)CCCCCC\C=C/C\C=C/C\C=C/C\C=C/CC","1"
"PC aa C36:0","PC(36:0)","HMDB0007886","24778638","C00157","[H][C@@](COC(=O)CCCCCCCCCCCCC)(COP([O-])(=O)OCC[N+](C)(C)C)OC(=O)CCCCCCCCCCCCCCCCCCCCC","1"
"PC aa C36:1","PC(36:1)","HMDB0007887","53478609","C00157","CCCCCCCCCCCCCC(=O)OC[C@]([H])(COP([O-])(=O)OCC[N+](C)(C)C)OC(=O)CCCCCCCCCCC\C=C/CCCCCCCC","1"
"PC aa C36:2","PC(18:1(11Z)/18:1(11Z))","HMDB0008070","24778895","C00157","[H][C@@](COC(=O)CCCCCCCCC\C=C/CCCCCC)(COP([O-])(=O)OCC[N+](C)(C)C)OC(=O)CCCCCCCCC\C=C/CCCCCC","1"
"PC aa C36:3","PC(16:0/20:3(8Z,11Z,14Z))","HMDB0007981","24778719","C00157","CCCCCCCCCCCCCCCC(=O)OC[C@]([H])(COP([O-])(=O)OCC[N+](C)(C)C)OC(=O)CCCCCC\C=C/C\C=C/C\C=C/CCCCC","1"
"PC aa C36:4","PC(16:0/20:4(5Z,8Z,11Z,14Z))","HMDB0007982","10747814","C00157","CCCCCCCCCCCCCCCC(=O)OC[C@]([H])(COP([O-])(=O)OCC[N+](C)(C)C)OC(=O)CCC\C=C/C\C=C/C\C=C/C\C=C/CCCCC","1"
"PC aa C36:5","PC(16:0/20:5(5Z,8Z,11Z,14Z,17Z))","HMDB0007984","24778723","C00157","CCCCCCCCCCCCCCCC(=O)OC[C@]([H])(COP([O-])(=O)OCC[N+](C)(C)C)OC(=O)CCC\C=C/C\C=C/C\C=C/C\C=C/C\C=C/CC","1"
"PC aa C36:6","PC(22:5(4Z,7Z,10Z,13Z,16Z)/14:1(9Z))","HMDB0008657","53479277","C00157","CCCCC\C=C/C\C=C/C\C=C/C\C=C/C\C=C/CCC(=O)OC[C@]([H])(COP([O-])(=O)OCC[N+](C)(C)C)OC(=O)CCCCCCC\C=C/CCCC","1"
"PC aa C38:0","PC(16:0/22:0)","HMDB0007985","24778726","C00157","[H][C@@](COC(=O)CCCCCCCCCCCCCCC)(COP([O-])(=O)OCC[N+](C)(C)C)OC(=O)CCCCCCCCCCCCCCCCCCCCC","1"
"PC aa C38:1","PC(20:0/18:1(9Z))","HMDB0008269","24779038","C00157","CCCCCCCCCCCCCCCCCCCC(=O)OC[C@]([H])(COP([O-])(=O)OCC[N+](C)(C)C)OC(=O)CCCCCCC\C=C/CCCCCCCC","1"
"PC aa C38:3","PC(20:0/18:3(6Z,9Z,12Z))","HMDB0008271","52923067","C00157","CCCCCCCCCCCCCCCCCCCC(=O)OC[C@]([H])(COP([O-])(=O)OCC[N+](C)(C)C)OC(=O)CCCC\C=C/C\C=C/C\C=C/CCCCC","1"
"PC aa C38:4","PC(18:2(9Z,12Z)/20:2(11Z,14Z))","HMDB0008145","52922743","C00157","CCCCC\C=C/C\C=C/CCCCCCCCCC(=O)O[C@]([H])(COC(=O)CCCCCCC\C=C/C\C=C/CCCCC)COP([O-])(=O)OCC[N+](C)(C)C","1"
"PC aa C38:5","PC(20:1(11Z)/18:4(6Z,9Z,12Z,15Z))","HMDB0008306","52923121","C00157","CCCCCCCC\C=C/CCCCCCCCCC(=O)OC[C@]([H])(COP([O-])(=O)OCC[N+](C)(C)C)OC(=O)CCCC\C=C/C\C=C/C\C=C/C\C=C/CC","1"
"PC aa C38:6","PC(18:2(9Z,12Z)/20:4(5Z,8Z,11Z,14Z))","HMDB0008147","24778979","C00157","CCCCC\C=C/C\C=C/CCCCCCCC(=O)OC[C@]([H])(COP([O-])(=O)OCC[N+](C)(C)C)OC(=O)CCC\C=C/C\C=C/C\C=C/C\C=C/CCCCC","1"
"PC aa C40:1","PC(24:1(15Z)/16:0)","HMDB0008791","53479493","C00157","CCCCCCCCCCCCCCCC(=O)O[C@]([H])(COC(=O)CCCCCCCCCCCCC\C=C/CCCCCCCC)COP([O-])(=O)OCC[N+](C)(C)C","1"
"PC aa C40:2","PC(20:1(11Z)/20:1(11Z))","HMDB0008308","24779063","C00157","CCCCCCCC\C=C/CCCCCCCCCC(=O)OC[C@]([H])(COP([O-])(=O)OCC[N+](C)(C)C)OC(=O)CCCCCCCCC\C=C/CCCCCCCC","1"
"PC aa C40:3","PC(18:1(9Z)/22:2(13Z,16Z))","HMDB0008119","52922703","C00157","CCCCCCCC\C=C/CCCCCCCC(=O)OC[C@]([H])(COP([O-])(=O)OCC[N+](C)(C)C)OC(=O)CCCCCCCCCCC\C=C/C\C=C/CCCCC","1"
"PC aa C40:4","PC(22:0/18:4(6Z,9Z,12Z,15Z))","HMDB0008536","52923459","C00157","CCCCCCCCCCCCCCCCCCCCCC(=O)OC[C@]([H])(COP([O-])(=O)OCC[N+](C)(C)C)OC(=O)CCCC\C=C/C\C=C/C\C=C/C\C=C/CC","1"
"PC aa C40:5","NA","NA","NA","NA","NA","0"
"PC aa C40:6","PC(18:1(9Z)/22:5(4Z,7Z,10Z,13Z,16Z))","HMDB0008121","53478771","C00157","CCCCCCCC\C=C/CCCCCCCC(=O)OC[C@]([H])(COP([O-])(=O)OCC[N+](C)(C)C)OC(=O)CC\C=C/C\C=C/C\C=C/C\C=C/C\C=C/CCCCC","1"
"PC aa C42:0","PC(22:0/20:0)","HMDB0008537","52923465","C00157","[H][C@@](COC(=O)CCCCCCCCCCCCCCCCCCCCC)(COP([O-])(=O)OCC[N+](C)(C)C)OC(=O)CCCCCCCCCCCCCCCCCCC","1"
"PC aa C42:1","PC(18:1(11Z)/24:0)","HMDB0008091","53478753","C00157","CCCCCCCCCCCCCCCCCCCCCCCC(=O)O[C@]([H])(COC(=O)CCCCCCCCC\C=C/CCCCCC)COP([O-])(=O)OCC[N+](C)(C)C","1"
"PC aa C42:2","PC(42:2)","HMDB0008092","53478755","C00157","CCCCCCCC\C=C/CCCCCCCCCCCCCC(=O)O[C@]([H])(COC(=O)CCCCCCCCC\C=C/CCCCCC)COP([O-])(=O)OCC[N+](C)(C)C","1"
"PC aa C42:4","PC(42:4)","HMDB0008191","53478821","C00157","CCCCCCCC\C=C/CCCCCCCCCCCCCC(=O)O[C@]([H])(COC(=O)CCCC\C=C/C\C=C/C\C=C/CCCCC)COP([O-])(=O)OCC[N+](C)(C)C","1"
"PC aa C42:5","PC(20:3(8Z,11Z,14Z)/22:2(13Z,16Z))","HMDB0008415","52923265","C00157","CCCCC\C=C/C\C=C/CCCCCCCCCCCC(=O)O[C@]([H])(COC(=O)CCCCCC\C=C/C\C=C/C\C=C/CCCCC)COP([O-])(=O)OCC[N+](C)(C)C","1"
"PC aa C42:6","PC(22:2(13Z,16Z)/20:4(5Z,8Z,11Z,14Z))","HMDB0008607","52923593","C00157","CCCCC\C=C/C\C=C/CCCCCCCCCCCC(=O)OC[C@]([H])(COP([O-])(=O)OCC[N+](C)(C)C)OC(=O)CCC\C=C/C\C=C/C\C=C/C\C=C/CCCCC","1"
"PC ae C30:0","PC(O-30:0)","HMDB0013341","24779275",NA,"[H][C@@](COCCCCCCCCCCCCCC)(COP([O-])(=O)OCC[N+](C)(C)C)OC(=O)CCCCCCCCCCCCCCC","1"
"PC ae C30:1","PC(O-30:1)","HMDB0013402","24779277",NA,"CCCCCCCCCCCCCCOC[C@]([H])(COP([O-])(=O)OCC[N+](C)(C)C)OC(=O)CCCCCCC\C=C/CCCCCC","1"
"PC ae C30:2","PC(O-30:2)","HMDB0013410","53481703",NA,"CCCCCC\C=C/CCCCCCCCOC[C@]([H])(COP([O-])(=O)OCC[N+](C)(C)C)OC(=O)CCCCCCC\C=C/CCCC","1"
"PC ae C32:1","Beta-Cortolone","HMDB0013221","52923742","C05481","C[C@]12CC(=O)C3C(CCC4C[C@@H](O)CC[C@]34C)C1CC[C@@]2(O)C(O)CO","1"
"PC ae C32:2","PC(O-32:2)","HMDB0013411","53481705",NA,"CCCCCC\C=C/CCCCCCCCOC[C@]([H])(COP([O-])(=O)OCC[N+](C)(C)C)OC(=O)CCCCCCC\C=C/CCCCCC","1"
"PC ae C34:0","PC(O-34:0)","HMDB0013405","11803170",NA,"[H][C@@](COCCCCCCCCCCCCCCCC)(COP([O-])(=O)OCC[N+](C)(C)C)OC(=O)CCCCCCCCCCCCCCCCC","1"
"PC ae C34:1","PC(O-34:1)","HMDB0013412","53481707",NA,"CCCCCCCCCCCCCCCCCC(=O)O[C@]([H])(COCCCCCCCC\C=C/CCCCCC)COP([O-])(=O)OCC[N+](C)(C)C","1"
"PC ae C34:2","PC(O-34:2)","HMDB0011151","6443157",NA,"CCCCCCCCCCCCCCCCOC[C@]([H])(COP([O-])(=O)OCC[N+](C)(C)C)OC(=O)CCCCCCC\C=C/C\C=C/CCCCC","1"
"PC ae C34:3","PC(O-34:3)","HMDB0013413","53481709",NA,"CCCCCC\C=C/CCCCCCCCOC[C@]([H])(COP([O-])(=O)OCC[N+](C)(C)C)OC(=O)CCCCCCC\C=C/C\C=C/CCCCC","1"
"PC ae C36:0","PC(O-36:0)","HMDB0013406","24779297",NA,"[H][C@@](COCCCCCCCCCCCCCCCC)(COP([O-])(=O)OCC[N+](C)(C)C)OC(=O)CCCCCCCCCCCCCCCCCCC","1"
"PC ae C36:1","PC(O-36:1)","HMDB0013414","53481711",NA,"CCCCCCCCCCCCCCCCCCCC(=O)O[C@]([H])(COCCCCCCCC\C=C/CCCCCC)COP([O-])(=O)OCC[N+](C)(C)C","1"
"PC ae C36:2","PC(O-36:2)","HMDB0013418","6443070",NA,"CCCCCCCCCCCCCCCCCCOC[C@]([H])(COP([O-])(=O)OCC[N+](C)(C)C)OC(=O)CCCCCCC\C=C/C\C=C/CCCCC","1"
"PC ae C36:3","PC(O-36:3)","HMDB0013425","53481721",NA,"CCCCCC\C=C/CCCCCCCCCCOC[C@]([H])(COP([O-])(=O)OCC[N+](C)(C)C)OC(=O)CCCCCCC\C=C/C\C=C/CCCCC","1"
"PC ae C36:4","PC(O-36:4)","HMDB0013407","53481701",NA,"[H][C@@](COCCCCCCCCCCCCCCCC)(COP([O-])(=O)OCC[N+](C)(C)C)OC(=O)CCCCCC\C=C/C\C=C/C\C=C/C\C=C/CC","1"
"PC ae C36:5","PC(O-36:5)","HMDB0013415","53481713",NA,"CCCCCC\C=C/CCCCCCCCOC[C@]([H])(COP([O-])(=O)OCC[N+](C)(C)C)OC(=O)CCC\C=C/C\C=C/C\C=C/C\C=C/CCCCC","1"
"PC ae C38:0","PC(O-18:0/20:0)","HMDB0013419","24779329",NA,"[H][C@@](COCCCCCCCCCCCCCCCCCC)(COP([O-])(=O)OCC[N+](C)(C)C)OC(=O)CCCCCCCCCCCCCCCCCCC","1"
"PC ae C38:1","PC(O-38:1)","HMDB0013416","53481715",NA,"CCCCCCCCCCCCCCCCCCCCCC(=O)O[C@]([H])(COCCCCCCCC\C=C/CCCCCC)COP([O-])(=O)OCC[N+](C)(C)C","1"
"PC ae C38:2","PC(O-38:2)","HMDB0013431","53481729",NA,"CCCCCCCC\C=C/CCCCCCCCCC(=O)O[C@]([H])(COCCCCCCCC\C=C/CCCCCCCC)COP([O-])(=O)OCC[N+](C)(C)C","1"
"PC ae C38:3","PC(O-38:3)","HMDB0013439","52923834",NA,"CCCCCCCCCCCCCCCCCCCCOC[C@]([H])(COP([O-])(=O)OCC[N+](C)(C)C)OC(=O)CCCC\C=C/C\C=C/C\C=C/CCCCC","1"
"PC ae C38:4","PC(O-38:4)","HMDB0013420","6443065",NA,"[H][C@@](COCCCCCCCCCCCCCCCCCC)(COP([O-])(=O)OCC[N+](C)(C)C)OC(=O)CCC\C=C/C\C=C/C\C=C/C\C=C/CCCCC","1"
"PC ae C38:5","PC(O-38:5)","HMDB0013432","24779379",NA,"[H][C@@](COCCCCCCCC\C=C/CCCCCCCC)(COP([O-])(=O)OCC[N+](C)(C)C)OC(=O)CCC\C=C/C\C=C/C\C=C/C\C=C/CCCCC","1"
"PC ae C38:6","PC(O-38:6)","HMDB0013409","16759366",NA,"CCCCCCCCCCCCCCCCOC[C@H](COP([O-])(=O)OCC[N+](C)(C)C)OC(=O)CC\C=C/C\C=C/C\C=C/C\C=C/C\C=C/C\C=C/CC","1"
"PC ae C40:1","PC(O-40:1)","HMDB0013433","53481731",NA,"CCCCCCCCCCCCCCCCCCCCCC(=O)O[C@]([H])(COCCCCCCCC\C=C/CCCCCCCC)COP([O-])(=O)OCC[N+](C)(C)C","1"
"PC ae C40:2","PC(O-40:2)","HMDB0013437","53481739",NA,"CCCCCCCCCCCCCCCCCCCCCC(=O)O[C@]([H])(COCCCCCCCC\C=C/C\C=C/CCCCC)COP([O-])(=O)OCC[N+](C)(C)C","1"
"PC ae C40:3","PC(O-40:3)","HMDB0013445","53481745",NA,"CCCCCCCCCCCCCCCCCCCCCCOC[C@]([H])(COP([O-])(=O)OCC[N+](C)(C)C)OC(=O)CCCC\C=C/C\C=C/C\C=C/CCCCC","1"
"PC ae C40:4","PC(O-40:4)","HMDB0013442","52923852",NA,"CCCCCCCCCCCCCCCCCCCCOC[C@]([H])(COP([O-])(=O)OCC[N+](C)(C)C)OC(=O)CCC\C=C/C\C=C/C\C=C/C\C=C/CCCCC","1"
"PC ae C40:5","PC(O-40:5)","HMDB0013444","53481743",NA,"CCCCCCCC\C=C/CCCCCCCCCCOC[C@]([H])(COP([O-])(=O)OCC[N+](C)(C)C)OC(=O)CCC\C=C/C\C=C/C\C=C/C\C=C/CCCCC","1"
"PC ae C40:6","PC(O-40:6)","HMDB0013422","24779341",NA,"CCCCCCCCCCCCCCCCCCOC[C@]([H])(COP([O-])(=O)OCC[N+](C)(C)C)OC(=O)CC\C=C/C\C=C/C\C=C/C\C=C/C\C=C/C\C=C/CC","1"
"PC ae C42:0","PC(O-42:0)","HMDB0013423","53481717",NA,"[H][C@@](COCCCCCCCCCCCCCCCCCC)(COP([O-])(=O)OCC[N+](C)(C)C)OC(=O)CCCCCCCCCCCCCCCCCCCCCCC","1"
"PC ae C42:1","PC(O-42:1)","HMDB0013434","53481733",NA,"CCCCCCCCCCCCCCCCCCCCCCCC(=O)O[C@]([H])(COCCCCCCCC\C=C/CCCCCCCC)COP([O-])(=O)OCC[N+](C)(C)C","1"
"PC ae C42:2","PC(O-42:2)","HMDB0013438","53481741",NA,"CCCCCCCCCCCCCCCCCCCCCCCC(=O)O[C@]([H])(COCCCCCCCC\C=C/C\C=C/CCCCC)COP([O-])(=O)OCC[N+](C)(C)C","1"
"PC ae C42:3","PC(O-24:0/18:3(9Z,12Z,15Z))","HMDB0013459","53481773",NA,"CCCCCCCCCCCCCCCCCCCCCCCCOC[C@]([H])(COP([O-])(=O)OCC[N+](C)(C)C)OC(=O)CCCCCCC\C=C/C\C=C/C\C=C/CC","1"
"PC ae C42:4","PC(O-22:2(13Z,16Z)/20:2(11Z,14Z))","HMDB0013454","53481763",NA,"CCCCC\C=C/C\C=C/CCCCCCCCCCCCOC[C@]([H])(COP([O-])(=O)OCC[N+](C)(C)C)OC(=O)CCCCCCCCC\C=C/C\C=C/CCCCC","1"
"PC ae C42:5","PC(O-42:5)","HMDB0013451","53481757",NA,"CCCCCCCC\C=C/CCCCCCCCCCCCOC[C@]([H])(COP([O-])(=O)OCC[N+](C)(C)C)OC(=O)CCC\C=C/C\C=C/C\C=C/C\C=C/CCCCC","1"
"PC ae C44:3","PC(O-44:3)","HMDB0013449","53481753",NA,"CCCCCCCCCCCCCCCCCCCCCCOC[C@]([H])(COP([O-])(=O)OCC[N+](C)(C)C)OC(=O)CCCCCCCC\C=C/C\C=C/C\C=C/CCCCC","1"
"PC ae C44:4","PC(O-24:0/20:4(8Z,11Z,14Z,17Z))","HMDB0013460","53481775",NA,"CCCCCCCCCCCCCCCCCCCCCCCCOC[C@]([H])(COP([O-])(=O)OCC[N+](C)(C)C)OC(=O)CCC\C=C/C\C=C/C\C=C/C\C=C/CCCCC","1"
"PC ae C44:5","PC(O-44:5)","HMDB0013456","53481767",NA,"CCCCC\C=C/C\C=C/CCCCCCCCCCCCOC[C@]([H])(COP([O-])(=O)OCC[N+](C)(C)C)OC(=O)CCCCCCCC\C=C/C\C=C/C\C=C/CCCCC","1"
"PC ae C44:6","PC(O-44:6)","HMDB0013450","53481755",NA,"CCCCCCCCCCCCCCCCCCCCCCOC[C@]([H])(COP([O-])(=O)OCC[N+](C)(C)C)OC(=O)CC\C=C/C\C=C/C\C=C/C\C=C/C\C=C/C\C=C/CC","1"
"Phe","Phenylalanine","HMDB0000159","6140","C00079","N[C@@H](CC1=CC=CC=C1)C(O)=O","1"
"Pro","NA","NA","NA","NA","NA","0"
"Putrescine","Putrescine","HMDB0001414","1045","C00134","NCCCCN","1"
"SDMA","Symmetric dimethylarginine","HMDB0003334","169148",NA,"CN\C(NCCC[C@H](N)C(O)=O)=N/C","1"
"Ser","Serine","HMDB0000187","5951","C00065","N[C@@H](CO)C(O)=O","1"
"Serotonin","Serotonin","HMDB0000259","5202","C00780","NCCC1=CNC2=C1C=C(O)C=C2","1"
"SM (OH) C14:1","NA","NA","NA","NA","NA","0"
"SM (OH) C16:1","NA","NA","NA","NA","NA","0"
"SM (OH) C22:1","NA","NA","NA","NA","NA","0"
"SM (OH) C22:2","NA","NA","NA","NA","NA","0"
"SM (OH) C24:1","NA","NA","NA","NA","NA","0"
"SM C16:0","NA","NA","NA","NA","NA","0"
"SM C16:1","SM C16:1","HMDB0029216","124202091",NA,"CCCCCCC\C=C\CCCCCCC[C@@H](O)[C@H](COP(O)(=O)OCC[N+](C)(C)C)NC(=O)CCCCCCC\C=C\CCCCCC","1"
"SM C18:0","NA","NA","NA","NA","NA","0"
"SM C18:1","NA","NA","NA","NA","NA","0"
"SM C20:2","NA","NA","NA","NA","NA","0"
"SM C24:0","NA","NA","NA","NA","NA","0"
"SM C24:1","NA","NA","NA","NA","NA","0"
"SM C26:0","NA","NA","NA","NA","NA","0"
"SM C26:1","NA","NA","NA","NA","NA","0"
"Spermidine","Spermidine","HMDB0001257","1102","C00315","NCCCCNCCCN","1"
"Spermine","Spermine","HMDB0001256","1103","C00750","NCCCNCCCCNCCCN","1"
"t4-OH-Pro","NA","NA","NA","NA","NA","0"
"Taurine","Taurine","HMDB0000251","1123","C00245","NCCS(O)(=O)=O","1"
"Thr","L-Threonine","HMDB0000167","6288","C00188","C[C@@H](O)[C@H](N)C(O)=O","1"
"total DMA","NA","NA","NA","NA","NA","0"
"Trp","L-Tryptophan","HMDB0000929","6305","C00078","N[C@@H](CC1=CNC2=C1C=CC=C2)C(O)=O","1"
"Tyr","L-Tyrosine","HMDB0000158","6057","C00082","N[C@@H](CC1=CC=C(O)C=C1)C(O)=O","1"
"Val","L-Valine","HMDB0000883","6287","C00183","CC(C)[C@H](N)C(O)=O","1"
